{
    "num_training_rows": 10000, 
    "same_rows_in_all_iterations": "yes", 
    "num_test_rows": 5000, 
    "labels_chosen": [
        "V11", 
        "E9", 
        "mV1", 
        "mE6", 
        "mP7", 
        "sdP2", 
        "mE3", 
        "mE8", 
        "mV3", 
        "sdV8", 
        "mP5", 
        "sdP5"
    ], 
    "max_auc": [
        0.71076309740098298, 
        0.81354479466908136, 
        0.83781715402037016, 
        0.85266149865735374, 
        0.85511701373556204, 
        0.85661396225102204, 
        0.85882115671987636, 
        0.86086996511585734, 
        0.8621843489727955, 
        0.86370114680012122, 
        0.86486376102147566, 
        0.86671178913528879
    ]
}
