{
    "auc": [
        0.80099308052664497, 
        0.79914981758232784, 
        0.80052453989726846, 
        0.80194997323214856
    ], 
    "generator": "sessions/19-window-features/scripts/inferences_features.py", 
    "dataset_size": 482242, 
    "C": 10000, 
    "weights": [
        [
            -4.1474354143136143, 
            0.22861297094104141, 
            3.6426470610682018
        ], 
        [
            -0.032682018359606921, 
            0.22811795012756805, 
            3.6448727002304313
        ], 
        [
            -4.1776265800138477, 
            0.22918288980814636, 
            3.6554355071563465
        ], 
        [
            -4.1790915511931921, 
            0.22896473289881744, 
            3.6591308481520857
        ]
    ], 
    "intercepts": [
        -5.5020272710628921, 
        -5.4988948793447046, 
        -5.5192133505662238, 
        -5.5213741665466207
    ], 
    "num_bins": 4
}