{
    "auc": [
        0.80206622819825613, 
        0.80412757023448445, 
        0.79994679344155051, 
        0.80363017982546558, 
        0.79906666646260727, 
        0.79926860259772614, 
        0.79832380738539011, 
        0.7987409030616569
    ], 
    "generator": "sessions/19-window-features/scripts/inferences_features.py", 
    "dataset_size": 482242, 
    "C": 10000, 
    "weights": [
        [
            -0.033548173163591925, 
            0.22917031077468769, 
            3.6448386023054193
        ], 
        [
            -0.032922349752106367, 
            0.22721829300805085, 
            3.6549235401701607
        ], 
        [
            -4.1381537006405891, 
            0.22887856975938808, 
            3.6548843112970215
        ], 
        [
            -4.1722016224432226, 
            0.22908103934148033, 
            3.6422502414204501
        ], 
        [
            -4.1601322777567731, 
            0.2274101875510082, 
            3.6427981442933377
        ], 
        [
            -0.033047153039114423, 
            0.22859638968311199, 
            3.6505718863588394
        ], 
        [
            -4.1859149726963834, 
            0.23040665548514128, 
            3.6575090888113166
        ], 
        [
            -4.1678841733276251, 
            0.22910168601855926, 
            3.6584356396334199
        ]
    ], 
    "intercepts": [
        -5.5112306855377948, 
        -5.5006343680759366, 
        -5.516606949387044, 
        -5.507654278890973, 
        -5.4851938731453442, 
        -5.5092754856623927, 
        -5.535477141593641, 
        -5.5218075652011462
    ], 
    "num_bins": 8
}