{
    "E1": -0.017536186098857091, 
    "E10": -0.023401153642919215, 
    "E11": -0.019926771862447984, 
    "E2": 0.0019328127328137746, 
    "E3": 0.10107558685979436, 
    "E4": -0.0023757135222129424, 
    "E5": -0.014319711954328823, 
    "E6": 0.0070707305281794645, 
    "E7": -0.16570587615270099, 
    "E8": -0.45254738307453407, 
    "E9": 4.9863494757650351, 
    "P1": 0.010619881246453588, 
    "P2": 0.0017904065038992206, 
    "P3": -8.2304710476152645e-05, 
    "P4": 0.0018073800735428156, 
    "P5": -0.014535073625657844, 
    "P6": -0.0023064652131897273, 
    "P7": 0.0090797158767872109, 
    "P8": -0, 
    "V1": 0.01039985786067691, 
    "V10": -0.38081896785501368, 
    "V11": -0.10916794002865413, 
    "V2": -0.14828397238467148, 
    "V3": -6.4867400089223959e-05, 
    "V4": 0.0066333546765894019, 
    "V5": 0.098196534049953071, 
    "V6": -0.00033814166569498533, 
    "V7": -0, 
    "V8": 9.9848617620661709e-06, 
    "V9": -0, 
    "intercept": -0.023138863237992326
}