{
    "labels_chosen": [
        "v11", 
        "e9", 
        "sde1", 
        "me6", 
        "sdp2", 
        "sdp3", 
        "sde6", 
        "mv3", 
        "p5", 
        "sdp5", 
        "mp5", 
        "mp4", 
        "mv8", 
        "v6", 
        "mv4", 
        "sdv10", 
        "p1", 
        "sdp4", 
        "e8", 
        "v5", 
        "v8", 
        "me2", 
        "sde9"
    ], 
    "num_test_rows": 1000, 
    "max_auc": [
        0.70198573007737919, 
        0.81240679328710697, 
        0.85617123907145198, 
        0.86900813988543979, 
        0.87477037483670139, 
        0.87768666465681988, 
        0.88160586875691027, 
        0.88279770877298858, 
        0.88391920410009039, 
        0.88503868957893705, 
        0.887285699929657, 
        0.88829263390614066, 
        0.88933775499949885, 
        0.89068837302783699, 
        0.89172143503165613, 
        0.89223394633705333, 
        0.8930841121495342, 
        0.89393025826550154, 
        0.89452517334941406, 
        0.89541151643051053, 
        0.89611697316852723, 
        0.89630589890463497, 
        0.89652296251633212
    ], 
    "num_training_rows": 3000,
    "same_rows_in_all_iterations": "yes"
}
