{"same_rows_in_all_iterations": "yes", "labels_chosen": ["V11", "E9", "mV10", "mV3", "sdE8", "sdE10", "mE8", "sdE2", "sdV8", "sdV1", "mP7", "sdE3", "sdP2", "mE7", "mV4", "mP1", "sdE7", "sdE6", "mE11", "E6", "mP4", "mV5", "sdV5", "sdV2", "V6", "mV1", "sdE1", "mE1", "E7", "E10", "P7", "mV6", "V1", "V10", "sdE4", "V4", "sdE11", "sdE9", "sdP7", "V2", "E1", "P2", "P5", "mE9", "sdP5", "mP5", "E4"], "num_test_rows": 5000, "max_auc": [0.70954688225520679, 0.81005180140373811, 0.83629049964989688, 0.84864836863215709, 0.85893790403703063, 0.87462780455046452, 0.88364104125944209, 0.89053710622063287, 0.89831365833145449, 0.90507819789951427, 0.91067943366170478, 0.91334239049419752, 0.9173370728163126, 0.92074116741510736, 0.92312493133419071, 0.92519771223232206, 0.92658321735983673, 0.92795126263553918, 0.92924815077932688, 0.93004002094523419, 0.93144537430051477, 0.93210316598175269, 0.93277174653368466, 0.93357802931311473, 0.93420724284067813, 0.93468104721555734, 0.93533447393384184, 0.93621339628543321, 0.93656473462425338, 0.93701869077136513, 0.93714914551320505, 0.93734976909346002, 0.93788764783017731, 0.9382571872409341, 0.93854123926404431, 0.93874449829362849, 0.9387774414102561, 0.93883904503834648, 0.93885757554144889, 0.93898358296254503, 0.93899807793386114, 0.93905391651654235, 0.93913643902369204, 0.93914508659180596, 0.93918610077200537, 0.93938837150809185, 0.93959772501425254, 0.93953019162516749, 0.0, 0.0, 0.0, 0.0, 0.0, 0.0, 0.0, 0.0, 0.0, 0.0, 0.0, 0.0, 0.0, 0.0, 0.0, 0.0, 0.0, 0.0, 0.0, 0.0, 0.0, 0.0, 0.0, 0.0, 0.0, 0.0, 0.0, 0.0, 0.0, 0.0, 0.0, 0.0, 0.0, 0.0, 0.0, 0.0, 0.0, 0.0, 0.0, 0.0, 0.0, 0.0], "num_training_rows": 10000}