{
    "num_training_rows": 10000, 
    "same_rows_in_all_iterations": "yes", 
    "num_test_rows": 5000, 
    "labels_chosen": [
        "V11", 
        "E9", 
        "sdE1", 
        "mE6", 
        "sdE4", 
        "mV3", 
        "sdV8", 
        "E8", 
        "mE10", 
        "mP5", 
        "sdP5", 
        "mP7", 
        "mV11", 
        "V10", 
        "sdV1", 
        "mE4", 
        "sdP2", 
        "sdE6", 
        "sdP7", 
        "sdP1", 
        "sdE2", 
        "mV2", 
        "mE8", 
        "sdV10", 
        "sdV3", 
        "sdE9", 
        "sdE8", 
        "mE7", 
        "mE9", 
        "mV4", 
        "mV5", 
        "mE1", 
        "E6", 
        "V4", 
        "V2", 
        "E10", 
        "V5", 
        "sdE3", 
        "sdE11", 
        "P4", 
        "mE11", 
        "sdP4", 
        "sdV2", 
        "sdV4", 
        "mV8", 
        "mV6", 
        "mP1", 
        "sdE5"
    ], 
    "max_auc": [
        0.6978180153212814, 
        0.80889035789759878, 
        0.83329148620090843, 
        0.85000729055510238, 
        0.85389024674115388, 
        0.85660687757621334, 
        0.85970920493063852, 
        0.86119853783503786, 
        0.86234107897600087, 
        0.86345811952064222, 
        0.86870004498566777, 
        0.87048696657983426, 
        0.87166612396166798, 
        0.8727137734605499, 
        0.87366669478270842, 
        0.87441373148264412, 
        0.87586603948276887, 
        0.87659076316092399, 
        0.87713502108049202, 
        0.87775226628376357, 
        0.87813003473311879, 
        0.87854711660180373, 
        0.87901609872261544, 
        0.87934629875190917, 
        0.87986758978825275, 
        0.88023326180089112, 
        0.88106472835980121, 
        0.88175847535203833, 
        0.88222614974996316, 
        0.88274335415228156, 
        0.88315782057518821, 
        0.8832925977653624, 
        0.88346202961207698, 
        0.88386113029104652, 
        0.88390657366141456, 
        0.88399607094658206, 
        0.88414825719770662, 
        0.88426031270269689, 
        0.88433125666938739, 
        0.8844335859853959, 
        0.88459508976210011, 
        0.88475634834076078, 
        0.88479672428493705, 
        0.88489341404598987, 
        0.88511213069905625, 
        0.88550591875379259, 
        0.88570591862301995, 
        0.88575152545874936, 
        0.88572643352583058
    ]
}
