{
    "auc": [
        0.83349099637248392, 
        0.83733480430937679, 
        0.83816366777562945, 
        0.83260073362188292, 
        0.83725507122282528, 
        0.83391480042225097, 
        0.83287298486095962, 
        0.83252977063653777, 
        0.83260974405811072, 
        0.83175093814473977
    ], 
    "features": [
        "V11", 
        "E9", 
        "sdE1"
    ], 
    "generator": "sessions/18-forward-selection/scripts/testing_features_selected_all.py", 
    "dataset_size": 122087, 
    "C": 10000, 
    "weights": [
        [
            0.22150716132533207, 
            3.3759345458596703, 
            -0.095345570732548748
        ], 
        [
            0.22129918453228917, 
            3.3765277991448666, 
            -0.093727475376606195
        ], 
        [
            0.2204781853752944, 
            3.3725390141361289, 
            -0.095150050258996449
        ], 
        [
            0.22123272044805584, 
            3.3795022539640369, 
            -0.09570397527664222
        ], 
        [
            0.22046295432871951, 
            3.3796744660709614, 
            -0.094761213319330795
        ], 
        [
            0.22108513326622037, 
            3.3809224210475879, 
            -0.095324646303018928
        ], 
        [
            0.22085091623832775, 
            3.3868354239001044, 
            -0.095489005492961909
        ], 
        [
            0.22129412935359541, 
            3.3819323235930265, 
            -0.095059081876214133
        ], 
        [
            0.22015345044275395, 
            3.3825340459035784, 
            -0.095181341737140976
        ], 
        [
            0.22079985490434464, 
            3.4011390318638433, 
            -0.095109859203424615
        ]
    ], 
    "intercepts": [
        -4.1202770609628985, 
        -4.1351098520495482, 
        -4.1039100605229422, 
        -4.1132421542085034, 
        -4.116800640525069, 
        -4.1165651618034573, 
        -4.1144978142945527, 
        -4.1274111322380902, 
        -4.1069392816219779, 
        -4.1388428571669191
    ], 
    "num_bins": 10
}