{
    "auc": [
        0.83419389086071105, 
        0.83240457189952344, 
        0.83188056611844108, 
        0.8349971786412359, 
        0.83250171602730672, 
        0.83374254959116811, 
        0.83499899537283218, 
        0.83355421382369388
    ], 
    "features": [
        "sde1", 
        "v11", 
        "e9"
    ], 
    "generator": "sessions/18-forward-selection/scripts/testing_features_selected.py", 
    "dataset_size": 482242, 
    "C": 10000, 
    "weights": [
        [
            -0.098777923958162081, 
            0.20255945795804306, 
            3.644877849748748
        ], 
        [
            -0.098783653100213212, 
            0.20250156039252237, 
            3.6397628321667863
        ], 
        [
            -0.098537561278563904, 
            0.2017808270385559, 
            3.6434744654039002
        ], 
        [
            -0.099164105820255352, 
            0.20195822467564706, 
            3.6240714508133225
        ], 
        [
            -0.099148467113078773, 
            0.20119043613463536, 
            3.6434884428658094
        ], 
        [
            -0.098592966170619148, 
            0.20228051739142777, 
            3.6369882288121267
        ], 
        [
            -0.098549673737794607, 
            0.20088052633968198, 
            3.6460128663173732
        ], 
        [
            -0.098476657951237931, 
            0.20181108753312371, 
            3.6534910383914041
        ]
    ], 
    "intercepts": [
        -4.2182901142122988, 
        -4.2116921514547769, 
        -4.2106922898202122, 
        -4.1835211866776003, 
        -4.1975455509474777, 
        -4.2109114620934998, 
        -4.2031879346429113, 
        -4.2226868527929895
    ], 
    "num_bins": 8
}