{
    "auc": [
        0.83339345245067975, 
        0.833597772624869, 
        0.83492605512585438, 
        0.83223962917988192
    ], 
    "features": [
        "sde1", 
        "v11", 
        "e9"
    ], 
    "generator": "sessions/18-forward-selection/scripts/testing_features_selected.py", 
    "dataset_size": 482242, 
    "C": 10000, 
    "weights": [
        [
            -0.098671263009051213, 
            0.20108023103185435, 
            3.640618179679866
        ], 
        [
            -0.098398949316113454, 
            0.20280233820735319, 
            3.6527731476589631
        ], 
        [
            -0.098550744314456734, 
            0.20096915926109851, 
            3.6332765272808079
        ], 
        [
            -0.099400573232850661, 
            0.20264029925535684, 
            3.6405481698637825
        ]
    ], 
    "intercepts": [
        -4.1948107336304341, 
        -4.2365563357430522, 
        -4.1886789260965536, 
        -4.2103371406463888
    ], 
    "num_bins": 4
}