{
    "auc": [
        0.85288683561124046, 
        0.85047498405839506, 
        0.85034755367146453, 
        0.85013995642929663
    ], 
    "features": [
        "sde1", 
        "v11", 
        "e9", 
        "me6"
    ], 
    "generator": "sessions/18-forward-selection/scripts/testing_features_selected.py", 
    "dataset_size": 482242, 
    "C": 10000, 
    "weights": [
        [
            -0.10200740631440322, 
            0.19809673316828341, 
            3.8256510835175113, 
            -0.022755156322068506
        ], 
        [
            -0.10233848635671956, 
            0.19719663181300073, 
            3.8346571706101091, 
            -0.022937370856124788
        ], 
        [
            -0.10208051992200502, 
            0.20240323821023626, 
            3.839757466953583, 
            -0.022814877638475832
        ], 
        [
            -0.1021571947656485, 
            0.20060562262179948, 
            3.8519059201887837, 
            -0.023023293750960825
        ]
    ], 
    "intercepts": [
        3.848735404611169, 
        3.9197730270811557, 
        3.8120586235934022, 
        3.897052581538587
    ], 
    "num_bins": 4
}