{
    "auc": [
        0.80877134542087503, 
        0.80551893812387532, 
        0.80810235065069203, 
        0.80589377641947146, 
        0.80586420108663759, 
        0.82196550598522733, 
        0.80839876181542181, 
        0.80400315067719408, 
        0.80724835113120841, 
        0.80423430430661447
    ], 
    "generator": "sessions/17-recreating-winning-entry/scripts/inferences_features_cv.py", 
    "dataset_size": 482242, 
    "C": 10000, 
    "weights": [
        [
            -87.121069215285033, 
            0.22328499025604948, 
            3.6519498129011527
        ], 
        [
            -87.229872941755502, 
            0.22414347426943301, 
            3.6500173730014773
        ], 
        [
            -87.142477659435713, 
            0.22420909545703716, 
            3.6550982899130422
        ], 
        [
            -87.233755622085042, 
            0.22368331326123664, 
            3.6555359749440899
        ], 
        [
            -87.461235211269369, 
            0.22518675750325462, 
            3.6602682862259392
        ], 
        [
            -353.93178710563774, 
            0.21576150612032363, 
            3.6970498899118742
        ], 
        [
            -87.148093607877271, 
            0.22492203346613859, 
            3.6518930367269657
        ], 
        [
            -87.232309143104587, 
            0.22419212483962711, 
            3.66155275331894
        ], 
        [
            -87.239048789109788, 
            0.22428188868800661, 
            3.6501760140026502
        ], 
        [
            -87.248187459502134, 
            0.22459095959915606, 
            3.653507797143376
        ]
    ], 
    "intercepts": [
        -5.3507511307388755, 
        -5.356400924496624, 
        -5.3633492461156447, 
        -5.3594914440341652, 
        -5.3785944983245138, 
        -4.9893509535742258, 
        -5.3695103336931114, 
        -5.3687280450094814, 
        -5.3603168082682968, 
        -5.3647462641784696
    ], 
    "num_bins": 10
}