{
    "auc": [
        0.80674591439866949, 
        0.80644990920085757, 
        0.8203154691383463, 
        0.81950339266353711
    ], 
    "dataset_size": 482242, 
    "C": 1000, 
    "weights": [
        [
            -87.643081995328643, 
            0.22642431236387037, 
            3.6617415503524855
        ], 
        [
            -86.810052050952947, 
            0.22252799615063656, 
            3.6527672864136567
        ], 
        [
            -342.61781556446914, 
            0.21301038361423349, 
            3.6722511060996355
        ], 
        [
            -351.70765050001592, 
            0.21721991029111212, 
            3.7130763000623794
        ]
    ], 
    "intercepts": [
        -5.3903155027514584, 
        -5.3463615583144559, 
        -4.9482782387563216, 
        -5.0221376836030656
    ], 
    "num_bins": 4
}