{
    "auc": [
        0.80758732459856186, 
        0.80679315240456839, 
        0.81829896446764616, 
        0.806392327107884
    ], 
    "dataset_size": 482242, 
    "C": 1000, 
    "weights": [
        [
            -87.108116590248244, 
            0.22345543632985132, 
            3.6370350315277338
        ], 
        [
            -87.161751895063247, 
            0.22399001645880329, 
            3.6715444541294771
        ], 
        [
            -353.73106484025675, 
            0.21570649857295368, 
            3.6942671383835495
        ], 
        [
            -87.257219404538091, 
            0.22484613750870192, 
            3.6571156165641718
        ]
    ], 
    "intercepts": [
        -5.3419355520339646, 
        -5.3768622597735281, 
        -4.9820484951643964, 
        -5.3715908676143629
    ], 
    "num_bins": 4
}