{
    "auc": [
        0.80766743681783826, 
        0.82067288588255471, 
        0.82072048508990147, 
        0.82072041265713591, 
        0.82072043861480082
    ], 
    "weights": [
        [
            -83.09347528163282, 
            0.21909128508386591, 
            3.6251476965895617
        ], 
        [
            -333.99071752231538, 
            0.20970251340529589, 
            3.6601318360784285
        ], 
        [
            -336.1655534414308, 
            0.20964944017405668, 
            3.6608198394463418
        ], 
        [
            -336.16604816428708, 
            0.20964996638494679, 
            3.6608358845204023
        ], 
        [
            -336.16609764027567, 
            0.20965002143772235, 
            3.660837574487223
        ]
    ], 
    "C": [
        10, 
        100, 
        1000, 
        10000, 
        100000
    ], 
    "intercepts": [
        -5.2868269960394185, 
        -4.9136836145933867, 
        -4.9110884753166557, 
        -4.9111090203093815, 
        -4.9111111839160442
    ]
}