{
    "auc": [
        0.98682961140752423, 
        0.98744292666852751, 
        0.98655801012102773, 
        0.98039025881016018
    ], 
    "generator": "sessions/17-recreating-winning-entry/scripts/inferences_features_cv.py", 
    "dataset_size": 10000, 
    "C": 10000, 
    "weights": [
        [
            -0.10631000659601759, 
            -0.23649140674124131, 
            12.419463316755929
        ], 
        [
            -0.12854426022118848, 
            -0.24184353619511717, 
            12.355336177888962
        ], 
        [
            -0.63959520560104921, 
            0.11292948493214298, 
            12.781930625562854
        ], 
        [
            -0.14725978002827936, 
            -0.25874296984194067, 
            12.544052148941592
        ]
    ], 
    "intercepts": [
        -4.2743945407879034, 
        -4.1513034790379253, 
        -10.361977113147447, 
        -3.9485041903309255
    ], 
    "num_bins": 4
}