{
    "auc": [
        0.80562565924356222, 
        0.80495642302638071, 
        0.81120529215014547, 
        0.80829827636186002, 
        0.80557085629602709, 
        0.80515923053927407, 
        0.8073030214981527, 
        0.81906074789307803, 
        0.81954345918715577, 
        0.8056872183658611
    ], 
    "generator": "sessions/17-recreating-winning-entry/scripts/inferences_features_cv.py", 
    "dataset_size": 482242, 
    "C": 10000, 
    "weights": [
        [
            -87.153158356901841, 
            0.22482338562031315, 
            3.6487582417609654
        ], 
        [
            -87.226545686177431, 
            0.22371555559251302, 
            3.6539188565432261
        ], 
        [
            -87.061812496172578, 
            0.22305256483872657, 
            3.6362483176377602
        ], 
        [
            -87.331794697847187, 
            0.22405168772237805, 
            3.66073771074621
        ], 
        [
            -87.306179741514057, 
            0.22427248253896695, 
            3.6561023423853398
        ], 
        [
            -87.570014555110319, 
            0.22636612339107659, 
            3.6686400977915188
        ], 
        [
            -87.364723460183228, 
            0.22590384889950274, 
            3.6428103470564341
        ], 
        [
            -337.47678290211098, 
            0.2145024342219736, 
            3.6993281062285472
        ], 
        [
            -351.5681892648438, 
            0.21531694540155971, 
            3.7070213520122111
        ], 
        [
            -86.941781951666627, 
            0.22329826503629457, 
            3.6520486941254524
        ]
    ], 
    "intercepts": [
        -5.3640829887108046, 
        -5.3570221805595235, 
        -5.3332389731132315, 
        -5.3686468902880202, 
        -5.3654438183341124, 
        -5.3983645700975202, 
        -5.3674235685740506, 
        -4.9954661528271549, 
        -4.9969250085038563, 
        -5.3529854302321267
    ], 
    "num_bins": 10
}