{
    "auc": [
        0.80809865963940397, 
        0.80463525944201564, 
        0.80403365808545879, 
        0.8063354558180259, 
        0.817389650635437, 
        0.80759572952455272, 
        0.80626298755416659, 
        0.80784683753950437, 
        0.82326941737097137, 
        0.80630775921506548
    ], 
    "generator": "sessions/17-recreating-winning-entry/scripts/inferences_features_cv.py", 
    "dataset_size": 482242, 
    "C": 10000, 
    "weights": [
        [
            -86.890777183586167, 
            0.22246473732245914, 
            3.6558775919891455
        ], 
        [
            -87.152768070622173, 
            0.22513059550218836, 
            3.6685187035208169
        ], 
        [
            -87.383804255179371, 
            0.22475255093551541, 
            3.6589677645859293
        ], 
        [
            -87.077430386751757, 
            0.2244961462100229, 
            3.6613566715363057
        ], 
        [
            -354.08121389941425, 
            0.21594173006018638, 
            3.6999680207604588
        ], 
        [
            -87.104973690463552, 
            0.22457197047936001, 
            3.6526272933687554
        ], 
        [
            -87.314225660484212, 
            0.22452883602571946, 
            3.65431231632278
        ], 
        [
            -87.413523428356498, 
            0.22568366203677986, 
            3.6486625414883704
        ], 
        [
            -338.43321857212283, 
            0.21396523581614388, 
            3.6814792134921923
        ], 
        [
            -87.156865717742008, 
            0.22367064116914182, 
            3.645196310072305
        ]
    ], 
    "intercepts": [
        -5.3458067844004455, 
        -5.3873460339078463, 
        -5.3732472871060617, 
        -5.3749019945695897, 
        -4.9925944434510203, 
        -5.3665308980595565, 
        -5.365256430791999, 
        -5.3691669625072347, 
        -4.9729608015493252, 
        -5.3480165197263068
    ], 
    "num_bins": 10
}