{
    "auc": [
        0.82089100849989904, 
        0.80803055430776594, 
        0.8189274935041464, 
        0.81894355468779545
    ], 
    "weights": [
        [
            -341.20188941579227, 
            0.21580666359012363, 
            3.6960787264587593
        ], 
        [
            -86.971203976983702, 
            0.22275922078131741, 
            3.6444058356674018
        ], 
        [
            -352.87967727721161, 
            0.21623187192044419, 
            3.6843200322675029
        ], 
        [
            -350.41265203481504, 
            0.21496928399308182, 
            3.7142980850052481
        ]
    ], 
    "C": 1000, 
    "intercepts": [
        -5.0025395762209595, 
        -5.3355374182841935, 
        -4.9813086066131378, 
        -5.003880672177921
    ]
}