{
    "auc": [
        0.80713070027624501, 
        0.80743541270522223, 
        0.82048531585508433, 
        0.80769200128315921, 
        0.80817997579937961, 
        0.81617415607752286, 
        0.80532110324528727, 
        0.80814133064937788, 
        0.80407059960418525, 
        0.8076749947754589
    ], 
    "generator": "sessions/17-recreating-winning-entry/scripts/inferences_features_cv.py", 
    "dataset_size": 482242, 
    "C": 10000, 
    "weights": [
        [
            -86.983101086178223, 
            0.22413284362599956, 
            3.6503557786390597
        ], 
        [
            -87.131342615718452, 
            0.22383916246676305, 
            3.6534467719636337
        ], 
        [
            -352.44278228737812, 
            0.21447613756272754, 
            3.6929690463787304
        ], 
        [
            -87.292690416324859, 
            0.22406942115891229, 
            3.6558150723308045
        ], 
        [
            -87.296882994537199, 
            0.22417262996028059, 
            3.6471483746114104
        ], 
        [
            -353.38433239124379, 
            0.21528170911261379, 
            3.700206541444655
        ], 
        [
            -87.230960188707726, 
            0.22516882905003266, 
            3.6570453065457094
        ], 
        [
            -87.339907310516622, 
            0.22442186154088831, 
            3.6538067781395944
        ], 
        [
            -87.2513616178977, 
            0.22584106371226231, 
            3.6669222605340153
        ], 
        [
            -87.166904838736883, 
            0.22356700093179407, 
            3.6527256271756285
        ]
    ], 
    "intercepts": [
        -5.3583550650004526, 
        -5.3590019587822155, 
        -4.9732226343507016, 
        -5.362682204188304, 
        -5.3557909286861145, 
        -4.9855503208439096, 
        -5.375367928983688, 
        -5.3639334888623713, 
        -5.3912467686942396, 
        -5.3552843623584563
    ], 
    "num_bins": 10
}