{
    "E11": {
        "std": 5.3680706118227475, 
        "max": 52.399999999999999, 
        "mean": 1.3680270856644134, 
        "min": 0.0
    }, 
    "E10": {
        "std": 19.225848177569208, 
        "max": 127.0, 
        "mean": 63.383606720123765, 
        "min": 0.0
    }, 
    "IsAlert": {
        "std": 0.49274173218481437, 
        "max": 1.0, 
        "mean": 0.5848857194267667, 
        "min": 0.0
    }, 
    "V1": {
        "std": 44.939454615930146, 
        "max": 129.69999999999999, 
        "mean": 75.578530060825912, 
        "min": 0.0
    }, 
    "V2": {
        "std": 0.41552855405905609, 
        "max": 3.9900000000000002, 
        "mean": -0.042021962635219949, 
        "min": -4.7949999999999999
    }, 
    "V3": {
        "std": 299.02466537837739, 
        "max": 1023.0, 
        "mean": 569.77905617958936, 
        "min": 240.0
    }, 
    "E9": {
        "std": 0.33309600056184263, 
        "max": 1.0, 
        "mean": 0.87289013718632558, 
        "min": 0.0
    }, 
    "E8": {
        "std": 1.6206071264874979, 
        "max": 9.0, 
        "mean": 1.3881465058127871, 
        "min": 0.0
    }, 
    "V6": {
        "std": 626.26885909010286, 
        "max": 4892.0, 
        "mean": 1699.3444652877024, 
        "min": 0.0
    }, 
    "V7": {
        "std": 0.0, 
        "max": 0.0, 
        "mean": 0.0, 
        "min": 0.0
    }, 
    "E5": {
        "std": 0.0023483882165350172, 
        "max": 0.023938999999999998, 
        "mean": 0.016277118100601118, 
        "min": 0.0080000000000000002
    }, 
    "E4": {
        "std": 34.801210476192722, 
        "max": 260.0, 
        "mean": -3.9919338659739445, 
        "min": -250.0
    }, 
    "E7": {
        "std": 2.9524553169225811, 
        "max": 25.0, 
        "mean": 1.8105037610935195, 
        "min": 0.0
    }, 
    "E6": {
        "std": 27.835399964819679, 
        "max": 513.0, 
        "mean": 358.5008200569593, 
        "min": 260.0
    }, 
    "E1": {
        "std": 14.001419899514028, 
        "max": 243.99100000000001, 
        "mean": 10.541855237712753, 
        "min": 0.0
    }, 
    "E3": {
        "std": 1.0327277679174485, 
        "max": 4.0, 
        "mean": 0.29839938945570144, 
        "min": 0.0
    }, 
    "E2": {
        "std": 128.32653422852991, 
        "max": 359.995, 
        "mean": 105.04587853850168, 
        "min": 0.0
    }, 
    "P2": {
        "std": 3.7374687342404909, 
        "max": 71.173699999999997, 
        "mean": 12.007656977416872, 
        "min": -45.629199999999997
    }, 
    "P3": {
        "std": 309.70068902522655, 
        "max": 2512.0, 
        "mean": 1028.0000827295798, 
        "min": 504.0
    }, 
    "P1": {
        "std": 7.3577113178289641, 
        "max": 101.351, 
        "mean": 35.452121895911311, 
        "min": -22.481200000000001
    }, 
    "P6": {
        "std": 2795.3175086232773, 
        "max": 228812.0, 
        "mean": 843.72575971607205, 
        "min": 128.0
    }, 
    "P7": {
        "std": 18.786148339301718, 
        "max": 468.75, 
        "mean": 78.396266502870134, 
        "min": 0.26222400000000001
    }, 
    "P4": {
        "std": 19.764207622194103, 
        "max": 119.048, 
        "mean": 63.989796643430701, 
        "min": 23.885300000000001
    }, 
    "P5": {
        "std": 0.38727852340161711, 
        "max": 27.202200000000001, 
        "mean": 0.1806010104838727, 
        "min": 0.038920000000000003
    }, 
    "P8": {
        "std": 0.0, 
        "max": 0.0, 
        "mean": 0.0, 
        "min": 0.0
    }, 
    "V4": {
        "std": 67.214163491853952, 
        "max": 484.488, 
        "mean": 21.23810942205775, 
        "min": 0.0
    }, 
    "V8": {
        "std": 11.540861639690451, 
        "max": 82.099999999999994, 
        "mean": 12.456263973539082, 
        "min": 0.0
    }, 
    "V9": {
        "std": 0.0, 
        "max": 0.0, 
        "mean": 0.0, 
        "min": 0.0
    }, 
    "V5": {
        "std": 0.38274668403308171, 
        "max": 1.0, 
        "mean": 0.17827810789178145, 
        "min": 0.0
    }, 
    "V10": {
        "std": 1.2665512523830937, 
        "max": 7.0, 
        "mean": 3.2767159666020689, 
        "min": 1.0
    }, 
    "V11": {
        "std": 8.4293128281527228, 
        "max": 262.45499999999998, 
        "mean": 11.587314729464051, 
        "min": 1.6767300000000001
    }
}